submission_id,entity_id,period,due_ts,received_ts,n_alerts,n_cases
HLT-07-SUB01,HLT-07,2025-10,2025-11-08,2025-11-05 13:40:16.038774559,860,389
HLT-07-SUB02,HLT-07,2025-11,2025-12-08,2025-12-04 15:12:19.536119252,888,436
HLT-07-SUB03,HLT-07,2025-12,2026-01-08,2026-01-05 18:00:25.647538949,863,436
HLT-07-SUB04,HLT-07,2026-01,2026-02-08,2026-02-04 23:10:23.039563238,854,409
HLT-07-SUB05,HLT-07,2026-02,2026-03-08,2026-03-04 12:39:39.570392445,804,390
HLT-07-SUB06,HLT-07,2026-03,2026-04-08,2026-04-05 18:51:01.388273456,887,454
HLT-07-SUB07,HLT-07,2026-04,2026-05-08,2026-05-05 12:02:50.834081428,914,464
HLT-07-SUB08,HLT-07,2026-05,2026-06-08,2026-06-04 09:46:55.747442277,966,454
HLT-07-SUB09,HLT-07,2026-06,2026-07-08,2026-07-04 13:25:40.527688600,873,447
HLT-07-SUB10,HLT-07,2026-07,2026-08-08,2026-08-04 19:57:59.646918189,868,439
HLT-07-SUB11,HLT-07,2026-08,2026-09-08,2026-09-06 17:08:04.736001524,879,392
HLT-07-SUB12,HLT-07,2026-09,2026-10-08,2026-10-05 01:57:41.215058642,894,447
