Hostname,category,Timestamp,Priority,Rule ID,disposition,redteam,recurrence_of,AlertId,entity_id,tactic,technique_id
HLT-07-A0003,sched_task,2025-10-01 00:01:09,high,DET-010,TP,False,,HLT-07-AL0000001,HLT-07,Persistence,T1053
HLT-07-A0007,sched_task,2025-10-01 00:38:44,medium,DET-009,FP,False,,HLT-07-AL0000002,HLT-07,Persistence,T1053
HLT-07-A0002,policy_violation,2025-10-01 04:15:39,low,DET-040,BP,False,,HLT-07-AL0000003,HLT-07,Defense Evasion,T1562
HLT-07-A0021,policy_violation,31/02/2026 25:61,low,DET-040,FP,False,,HLT-07-AL0000004,HLT-07,Defense Evasion,T1562
HLT-07-A0009,port_scan_external,2025-10-01 06:30:09,low,DET-022,BP,False,,HLT-07-AL0000005,HLT-07,Reconnaissance,T1595
HLT-07-A0002,data_staging,2025-10-01 08:06:10,medium,DET-025,BP,False,,HLT-07-AL0000006,HLT-07,Collection,T1074
HLT-07-A0003,credential_dump,2025-10-01 09:39:24,high,DET-017,BP,False,,HLT-07-AL0000007,HLT-07,Credential Access,T1003
HLT-07-A0001,policy_violation,2025-10-01 10:14:20,low,DET-040,BP,False,,HLT-07-AL0000008,HLT-07,Defense Evasion,T1562
HLT-07-A0003,phishing,2025-10-01 10:26:15,high,DET-001,FP,False,,HLT-07-AL0000009,HLT-07,Initial Access,T1566
HLT-07-A0001,credential_dump,2025-10-01 10:57:27,high,DET-017,BP,False,,HLT-07-AL0000010,HLT-07,Credential Access,T1003
HLT-07-A0011,phishing,2025-10-01 11:10:44,low,DET-001,FP,False,,HLT-07-AL0000011,HLT-07,Initial Access,T1566
HLT-07-A0002,policy_violation,2025-10-01 11:43:59,high,DET-039,TP,False,,HLT-07-AL0000012,HLT-07,Defense Evasion,T1562
HLT-07-A0007,malicious_script,2025-10-01 11:53:54,high,DET-005,TP,False,,HLT-07-AL0000013,HLT-07,Execution,T1059
HLT-07-A0010,port_scan_external,2025-10-01 12:21:17,low,DET-021,FP,False,,HLT-07-AL0000014,HLT-07,Reconnaissance,T1595
HLT-07-A0015,brute_force,2025-10-01 12:47:54,high,DET-015,BP,False,,HLT-07-AL0000015,HLT-07,Credential Access,T1110
HLT-07-A0001,malicious_script,2025-10-01 13:16:41,high,DET-005,BP,False,,HLT-07-AL0000016,HLT-07,Execution,T1059
HLT-07-A0005,malicious_script,2025-10-01 13:34:44,low,DET-005,BP,False,,HLT-07-AL0000017,HLT-07,Execution,T1059
HLT-07-A0007,phishing,yesterday,low,DET-001,BP,False,,HLT-07-AL0000018,HLT-07,Initial Access,T1566
HLT-07-A0010,port_scan_external,2025-10-01 15:04:29,high,DET-021,BP,False,,HLT-07-AL0000019,HLT-07,Reconnaissance,T1595
HLT-07-A0004,sched_task,2025-10-01 15:12:25,medium,DET-009,FP,False,,HLT-07-AL0000020,HLT-07,Persistence,T1053
HLT-07-A0005,phishing,2025-10-01 15:24:32,medium,DET-001,FP,False,,HLT-07-AL0000021,HLT-07,Initial Access,T1566
HLT-07-A0006,dns_tunnel,2025-10-01 15:32:15,high,DET-029,FP,False,,HLT-07-AL0000022,HLT-07,Command and Control,T1071.004
HLT-07-A0008,sched_task,2025-10-01 15:37:44,medium,DET-010,FP,False,,HLT-07-AL0000023,HLT-07,Persistence,T1053
HLT-07-A0017,priv_escalation,2025-10-01 15:53:08,high,DET-011,BP,False,,HLT-07-AL0000024,HLT-07,Privilege Escalation,T1068
HLT-07-A0001,malware_detected,2025-10-01 16:14:13,high,DET-037,TP,False,,HLT-07-AL0000025,HLT-07,Execution,T1204
HLT-07-A0010,port_scan_external,2025-10-01 16:19:46,low,DET-021,FP,False,,HLT-07-AL0000026,HLT-07,Reconnaissance,T1595
HLT-07-A0011,phishing,2025-10-01 16:49:47,medium,DET-001,BP,False,,HLT-07-AL0000027,HLT-07,Initial Access,T1566
HLT-07-A0012,exploit_public_app,2025-10-01 17:33:27,high,DET-003,FP,False,,HLT-07-AL0000028,HLT-07,Initial Access,T1190
HLT-07-A0002,dns_tunnel,2025-10-01 19:20:32,high,DET-029,FP,False,,HLT-07-AL0000029,HLT-07,Command and Control,T1071.004
HLT-07-A0018,exfil_large_upload,2025-10-01 20:31:49,critical,DET-031,TP,False,,HLT-07-AL0000030,HLT-07,Exfiltration,T1048
HLT-07-A0008,data_staging,2025-10-01 22:51:59,medium,DET-026,BP,False,,HLT-07-AL0000031,HLT-07,Collection,T1074
HLT-07-A0003,malware_detected,2025-10-02 02:48:20,low,DET-038,FP,False,,HLT-07-AL0000032,HLT-07,Execution,T1204
HLT-07-A0005,sched_task,2025-10-02 06:54:27,critical,DET-009,BP,False,,HLT-07-AL0000033,HLT-07,Persistence,T1053
HLT-07-A0010,port_scan_external,2025-10-02 07:05:08,medium,DET-022,BP,False,,HLT-07-AL0000034,HLT-07,Reconnaissance,T1595
HLT-07-A0006,malicious_script,2025-10-02 07:28:22,medium,DET-005,BP,False,,HLT-07-AL0000035,HLT-07,Execution,T1059
HLT-07-A0003,lateral_rdp_smb,2025-10-02 07:50:13,medium,DET-023,BP,False,,HLT-07-AL0000036,HLT-07,Lateral Movement,T1021
HLT-07-A0001,malware_detected,2025-10-02 09:10:02,low,DET-037,BP,False,,HLT-07-AL0000037,HLT-07,Execution,T1204
HLT-07-A0007,phishing,2025-10-02 09:18:00,low,DET-001,BP,False,,HLT-07-AL0000038,HLT-07,Initial Access,T1566
HLT-07-A0002,policy_violation,2025-10-02 09:37:13,low,DET-039,FP,False,,HLT-07-AL0000039,HLT-07,Defense Evasion,T1562
HLT-07-A0003,phishing,2025-10-02 09:45:14,high,DET-002,TP,False,,HLT-07-AL0000040,HLT-07,Initial Access,T1566
HLT-07-A0011,phishing,2025-10-02 10:01:08,medium,DET-002,FP,False,,HLT-07-AL0000041,HLT-07,Initial Access,T1566
HLT-07-A0008,malicious_script,2025-10-02 12:29:23,high,DET-005,TP,False,,HLT-07-AL0000042,HLT-07,Execution,T1059
HLT-07-A0006,malicious_script,N/A-time,high,DET-005,TP,False,,HLT-07-AL0000043,HLT-07,Execution,T1059
HLT-07-A0011,phishing,2025-10-02 13:07:08,low,DET-001,BP,False,,HLT-07-AL0000044,HLT-07,Initial Access,T1566
HLT-07-A0002,sched_task,2025-10-02 13:28:09,medium,DET-009,BP,False,,HLT-07-AL0000045,HLT-07,Persistence,T1053
HLT-07-A0006,new_service,2025-10-02 13:51:10,medium,DET-007,FP,False,,HLT-07-AL0000046,HLT-07,Persistence,T1543
HLT-07-A0020,lateral_rdp_smb,2025-10-02 14:35:32,high,DET-023,TP,False,,HLT-07-AL0000047,HLT-07,Lateral Movement,T1021
HLT-07-A0015,brute_force,2025-10-02 15:40:52,low,DET-016,BP,False,,HLT-07-AL0000048,HLT-07,Credential Access,T1110
HLT-07-A0012,port_scan_external,2025-10-02 15:59:17,medium,DET-021,FP,False,,HLT-07-AL0000049,HLT-07,Reconnaissance,T1595
HLT-07-A0016,brute_force,2025-10-02 17:53:32,low,DET-015,BP,False,,HLT-07-AL0000050,HLT-07,Credential Access,T1110
HLT-07-A0009,port_scan_external,2025-10-02 18:22:01,low,DET-021,FP,False,,HLT-07-AL0000051,HLT-07,Reconnaissance,T1595
HLT-07-A0001,c2_beacon,2025-10-02 20:13:12,high,DET-028,FP,False,,HLT-07-AL0000052,HLT-07,Command and Control,T1071
HLT-07-A0005,malware_detected,2025-10-03 01:02:45,low,DET-037,FP,False,,HLT-07-AL0000053,HLT-07,Execution,T1204
HLT-07-A0008,data_staging,2025-10-03 01:32:02,medium,DET-025,BP,False,,HLT-07-AL0000054,HLT-07,Collection,T1074
HLT-07-A0006,malicious_script,2025-10-03 04:09:59,low,DET-005,BP,False,,HLT-07-AL0000055,HLT-07,Execution,T1059
HLT-07-A0001,malware_detected,2025-10-03 06:22:09,medium,DET-037,TP,False,,HLT-07-AL0000056,HLT-07,Execution,T1204
HLT-07-A0016,brute_force,2025-10-03 06:23:03,low,DET-015,BP,False,,HLT-07-AL0000057,HLT-07,Credential Access,T1110
HLT-07-A0018,data_staging,2025-10-03 07:36:11,high,DET-025,BP,False,,HLT-07-AL0000058,HLT-07,Collection,T1074
HLT-07-A0008,malware_detected,2025-10-03 08:55:36,medium,DET-037,FP,False,,HLT-07-AL0000059,HLT-07,Execution,T1204
HLT-07-A0004,sched_task,2025-10-03 09:06:47,medium,DET-010,FP,False,,HLT-07-AL0000060,HLT-07,Persistence,T1053
HLT-07-A0011,phishing,2025-10-03 09:20:46,medium,DET-001,FP,False,,HLT-07-AL0000061,HLT-07,Initial Access,T1566
HLT-07-A0001,sched_task,2025-10-03 09:27:05,low,DET-009,BP,False,,HLT-07-AL0000062,HLT-07,Persistence,T1053
HLT-07-A0008,lateral_rdp_smb,2025-10-03 09:34:25,high,DET-023,BP,False,,HLT-07-AL0000063,HLT-07,Lateral Movement,T1021
HLT-07-A0002,malware_detected,2025-10-03 10:59:11,low,DET-037,BP,False,,HLT-07-AL0000064,HLT-07,Execution,T1204
HLT-07-A0006,new_service,2025-10-03 11:01:30,critical,DET-007,TP,False,,HLT-07-AL0000065,HLT-07,Persistence,T1543
HLT-07-A0005,malware_detected,2025-10-03 11:36:59,medium,DET-037,FP,False,,HLT-07-AL0000066,HLT-07,Execution,T1204
HLT-07-A0001,phishing,2025-10-03 11:42:51,low,DET-001,FP,False,,HLT-07-AL0000067,HLT-07,Initial Access,T1566
HLT-07-A0011,phishing,2025-10-03 11:50:02,high,DET-001,BP,False,,HLT-07-AL0000068,HLT-07,Initial Access,T1566
HLT-07-A0006,new_service,2025-10-03 12:21:16,medium,DET-007,FP,False,,HLT-07-AL0000069,HLT-07,Persistence,T1543
HLT-07-A0008,lateral_rdp_smb,2025-10-03 12:35:35,medium,DET-024,FP,False,,HLT-07-AL0000070,HLT-07,Lateral Movement,T1021
HLT-07-A0009,port_scan_external,2025-10-03 12:36:08,low,DET-022,BP,False,,HLT-07-AL0000071,HLT-07,Reconnaissance,T1595
HLT-07-A0008,malware_detected,2025-10-03 12:42:04,medium,DET-038,FP,False,,HLT-07-AL0000072,HLT-07,Execution,T1204
HLT-07-A0010,port_scan_external,2025-10-03 12:42:41,medium,DET-021,FP,False,,HLT-07-AL0000073,HLT-07,Reconnaissance,T1595
HLT-07-A0003,malicious_script,2025-10-03 13:54:30,medium,DET-005,FP,False,,HLT-07-AL0000074,HLT-07,Execution,T1059
HLT-07-A0007,sched_task,2025-10-03 14:01:29,medium,DET-009,FP,False,,HLT-07-AL0000075,HLT-07,Persistence,T1053
HLT-07-A0007,malware_detected,2025-10-03 14:33:48,medium,DET-037,TP,False,,HLT-07-AL0000076,HLT-07,Execution,T1204
HLT-07-A0022,policy_violation,2025-10-03 15:48:03,low,DET-039,BP,False,,HLT-07-AL0000077,HLT-07,Defense Evasion,T1562
HLT-07-A0017,brute_force,2025-10-03 16:31:52,medium,DET-015,FP,False,,HLT-07-AL0000078,HLT-07,Credential Access,T1110
HLT-07-A0006,malware_detected,2025-10-03 17:05:35,medium,DET-038,BP,False,,HLT-07-AL0000079,HLT-07,Execution,T1204
HLT-07-A0006,malware_detected,2025-10-03 17:06:34,low,DET-037,BP,False,,HLT-07-AL0000080,HLT-07,Execution,T1204
HLT-07-A0011,malware_detected,2025-10-03 17:23:21,medium,DET-038,FP,False,,HLT-07-AL0000081,HLT-07,Execution,T1204
HLT-07-A0004,sched_task,2025-10-03 18:02:50,medium,DET-009,BP,False,,HLT-07-AL0000082,HLT-07,Persistence,T1053
HLT-07-A0010,port_scan_external,2025-10-03 18:12:44,low,DET-021,FP,False,,HLT-07-AL0000083,HLT-07,Reconnaissance,T1595
HLT-07-A0023,lateral_rdp_smb,2025-10-03 22:45:59,medium,DET-023,BP,False,,HLT-07-AL0000084,HLT-07,Lateral Movement,T1021
HLT-07-A0012,port_scan_external,2025-10-04 01:35:07,low,DET-021,FP,False,,HLT-07-AL0000085,HLT-07,Reconnaissance,T1595
HLT-07-A0006,data_staging,2025-10-04 02:33:03,medium,DET-025,FP,False,,HLT-07-AL0000086,HLT-07,Collection,T1074
HLT-07-A0005,malware_detected,2025-10-04 03:13:32,low,DET-037,BP,False,,HLT-07-AL0000087,HLT-07,Execution,T1204
HLT-07-A0010,port_scan_external,2025-10-04 03:17:02,medium,DET-021,FP,False,,HLT-07-AL0000088,HLT-07,Reconnaissance,T1595
HLT-07-A0023,brute_force,2025-10-04 05:35:09,high,DET-016,BP,False,,HLT-07-AL0000089,HLT-07,Credential Access,T1110
HLT-07-A0002,phishing,2025-10-04 08:27:59,low,DET-001,FP,False,,HLT-07-AL0000090,HLT-07,Initial Access,T1566
HLT-07-A0005,sched_task,2025-10-04 08:32:21,low,DET-009,FP,False,,HLT-07-AL0000091,HLT-07,Persistence,T1053
HLT-07-A0015,new_service,2025-10-04 08:44:45,medium,DET-007,FP,False,,HLT-07-AL0000092,HLT-07,Persistence,T1543
HLT-07-A0005,malware_detected,2025-10-04 09:33:57,medium,DET-037,TP,False,,HLT-07-AL0000093,HLT-07,Execution,T1204
HLT-07-A0005,malware_detected,2025-10-04 09:42:29,high,DET-037,BP,False,,HLT-07-AL0000094,HLT-07,Execution,T1204
HLT-07-A0008,phishing,2025-10-04 10:00:01,low,DET-001,FP,False,,HLT-07-AL0000095,HLT-07,Initial Access,T1566
HLT-07-A0010,port_scan_external,2025-10-04 11:39:52,low,DET-022,BP,False,,HLT-07-AL0000096,HLT-07,Reconnaissance,T1595
HLT-07-A0003,malware_detected,2025-10-04 11:45:15,high,DET-037,BP,False,,HLT-07-AL0000097,HLT-07,Execution,T1204
HLT-07-A0006,lateral_rdp_smb,2025-10-04 12:01:29,high,DET-024,BP,False,,HLT-07-AL0000098,HLT-07,Lateral Movement,T1021
HLT-07-A0022,brute_force,2025-10-04 12:04:53,high,DET-015,BP,False,,HLT-07-AL0000099,HLT-07,Credential Access,T1110
HLT-07-A0019,exfil_large_upload,2025-10-04 12:19:44,low,DET-031,FP,False,,HLT-07-AL0000100,HLT-07,Exfiltration,T1048
HLT-07-A0005,policy_violation,2025-10-04 12:48:21,low,DET-039,FP,False,,HLT-07-AL0000100,HLT-07,Defense Evasion,T1562
HLT-07-A0001,malware_detected,2025-10-04 13:00:12,low,DET-037,BP,False,,HLT-07-AL0000100,HLT-07,Execution,T1204
HLT-07-A0007,data_staging,2025-10-04 13:26:03,medium,DET-025,BP,False,,HLT-07-AL0000103,HLT-07,Collection,T1074
HLT-07-A0002,malicious_script,2025-10-04 14:04:48,high,DET-005,BP,False,,HLT-07-AL0000104,HLT-07,Execution,T1059
HLT-07-A0006,policy_violation,2025-10-04 14:24:21,medium,DET-039,BP,False,,HLT-07-AL0000105,HLT-07,Defense Evasion,T1562
HLT-07-A0006,malware_detected,2025-10-04 15:19:53,low,DET-037,FP,False,,HLT-07-AL0000106,HLT-07,Execution,T1204
HLT-07-A0008,c2_beacon,2025-10-04 15:30:54,high,DET-027,FP,False,,HLT-07-AL0000107,HLT-07,Command and Control,T1071
HLT-07-A0006,dns_tunnel,2025-10-04 15:49:01,critical,DET-029,TP,False,,HLT-07-AL0000108,HLT-07,Command and Control,T1071.004
HLT-07-A0002,malware_detected,2025-10-04 15:54:49,high,DET-037,BP,False,,HLT-07-AL0000109,HLT-07,Execution,T1204
HLT-07-A0009,port_scan_external,2025-10-04 16:55:26,low,DET-021,BP,False,,HLT-07-AL0000110,HLT-07,Reconnaissance,T1595
HLT-07-A0006,policy_violation,2025-10-04 17:00:36,medium,DET-040,TP,False,,HLT-07-AL0000111,HLT-07,Defense Evasion,T1562
HLT-07-A0019,data_staging,2025-10-04 17:09:21,medium,DET-025,FP,False,,HLT-07-AL0000112,HLT-07,Collection,T1074
HLT-07-A0002,malware_detected,2025-10-04 17:20:32,medium,DET-037,BP,False,,HLT-07-AL0000113,HLT-07,Execution,T1204
HLT-07-A0002,phishing,2025-10-04 17:28:30,low,DET-001,BP,False,,HLT-07-AL0000114,HLT-07,Initial Access,T1566
HLT-07-A0003,malware_detected,2025-10-04 18:06:48,low,DET-037,FP,False,,HLT-07-AL0000115,HLT-07,Execution,T1204
HLT-07-A0005,malicious_script,2025-10-04 18:39:56,low,DET-005,BP,False,,HLT-07-AL0000116,HLT-07,Execution,T1059
HLT-07-A0010,port_scan_external,2025-10-04 20:24:14,low,DET-022,BP,False,,HLT-07-AL0000117,HLT-07,Reconnaissance,T1595
HLT-07-A0014,port_scan_external,2025-10-04 20:34:46,low,DET-021,FP,False,,HLT-07-AL0000118,HLT-07,Reconnaissance,T1595
HLT-07-A0002,policy_violation,2025-10-04 23:16:06,low,DET-039,FP,False,,HLT-07-AL0000119,HLT-07,Defense Evasion,T1562
HLT-07-A0003,credential_dump,2025-10-04 23:49:05,high,DET-017,TP,False,,HLT-07-AL0000120,HLT-07,Credential Access,T1003
HLT-07-A0006,policy_violation,2025-10-04 23:54:42,low,DET-039,BP,False,,HLT-07-AL0000121,HLT-07,Defense Evasion,T1562
HLT-07-A0004,lateral_rdp_smb,2025-10-05 00:00:42,critical,DET-023,BP,False,,HLT-07-AL0000122,HLT-07,Lateral Movement,T1021
HLT-07-A0011,phishing,2025-10-05 00:58:43,low,DET-001,FP,False,,HLT-07-AL0000123,HLT-07,Initial Access,T1566
HLT-07-A0024,exploit_public_app,2025-10-05 01:54:55,low,DET-003,BP,False,,HLT-07-AL0000124,HLT-07,Initial Access,T1190
HLT-07-A0001,sched_task,2025-10-05 03:15:25,medium,DET-010,TP,False,,HLT-07-AL0000125,HLT-07,Persistence,T1053
HLT-07-A0010,c2_beacon,2025-10-05 03:46:00,high,DET-027,BP,False,,HLT-07-AL0000126,HLT-07,Command and Control,T1071
HLT-07-A0012,port_scan_external,2025-10-05 04:40:54,low,DET-021,FP,False,,HLT-07-AL0000127,HLT-07,Reconnaissance,T1595
HLT-07-A0005,policy_violation,2025-10-05 09:38:23,medium,DET-040,BP,False,,HLT-07-AL0000128,HLT-07,Defense Evasion,T1562
HLT-07-A0010,network_scan,2025-10-05 10:13:39,low,DET-020,BP,False,,HLT-07-AL0000129,HLT-07,Discovery,T1046
HLT-07-A0002,malware_detected,2025-10-05 10:44:16,low,DET-037,BP,False,,HLT-07-AL0000130,HLT-07,Execution,T1204
HLT-07-A0016,priv_escalation,2025-10-05 11:16:38,high,DET-011,BP,False,,HLT-07-AL0000131,HLT-07,Privilege Escalation,T1068
HLT-07-A0007,sched_task,2025-10-05 12:15:55,low,DET-009,BP,False,,HLT-07-AL0000132,HLT-07,Persistence,T1053
HLT-07-A0014,brute_force,2025-10-05 13:04:08,medium,DET-015,BP,False,,HLT-07-AL0000133,HLT-07,Credential Access,T1110
HLT-07-A0012,exploit_public_app,2025-10-05 13:15:17,high,DET-003,FP,False,,HLT-07-AL0000134,HLT-07,Initial Access,T1190
HLT-07-A0003,malware_detected,2025-10-05 13:16:36,medium,DET-037,FP,False,,HLT-07-AL0000135,HLT-07,Execution,T1204
HLT-07-A0015,brute_force,2025-10-05 13:31:32,medium,DET-015,BP,False,,HLT-07-AL0000136,HLT-07,Credential Access,T1110
HLT-07-A0011,malware_detected,2025-10-05 13:52:50,medium,DET-037,FP,False,,HLT-07-AL0000137,HLT-07,Execution,T1204
HLT-07-A0022,policy_violation,2025-10-05 14:15:09,high,DET-039,TP,False,,HLT-07-AL0000138,HLT-07,Defense Evasion,T1562
HLT-07-A0003,phishing,2025-10-05 15:12:56,medium,DET-001,TP,False,,HLT-07-AL0000139,HLT-07,Initial Access,T1566
HLT-07-A0008,phishing,2025-10-05 16:14:27,low,DET-002,BP,False,,HLT-07-AL0000140,HLT-07,Initial Access,T1566
HLT-07-A0008,lateral_rdp_smb,2025-10-05 16:23:06,low,DET-024,BP,False,,HLT-07-AL0000141,HLT-07,Lateral Movement,T1021
HLT-07-A0017,exfil_large_upload,2025-10-05 17:16:14,high,DET-032,FP,False,,HLT-07-AL0000142,HLT-07,Exfiltration,T1048
HLT-07-A0001,malicious_script,2025-10-05 18:01:46,low,DET-005,BP,False,,HLT-07-AL0000143,HLT-07,Execution,T1059
HLT-07-A0003,malicious_script,2025-10-05 18:29:50,low,DET-005,FP,False,,HLT-07-AL0000144,HLT-07,Execution,T1059
HLT-07-A0020,policy_violation,2025-10-05 18:34:35,low,DET-039,BP,False,,HLT-07-AL0000145,HLT-07,Defense Evasion,T1562
HLT-07-A0005,new_service,2025-10-05 22:04:23,high,DET-007,TP,False,,HLT-07-AL0000146,HLT-07,Persistence,T1543
HLT-07-A0003,new_service,2025-10-06 01:18:48,medium,DET-007,FP,False,,HLT-07-AL0000147,HLT-07,Persistence,T1543
HLT-07-A0006,policy_violation,2025-10-06 07:22:39,medium,DET-039,FP,False,,HLT-07-AL0000148,HLT-07,Defense Evasion,T1562
HLT-07-A0001,sched_task,2025-10-06 08:01:23,low,DET-010,FP,False,,HLT-07-AL0000149,HLT-07,Persistence,T1053
HLT-07-A0015,new_service,2025-10-06 08:43:03,medium,DET-008,BP,False,,HLT-07-AL0000150,HLT-07,Persistence,T1543
HLT-07-A0013,exploit_public_app,2025-10-06 08:50:28,medium,DET-003,BP,False,,HLT-07-AL0000151,HLT-07,Initial Access,T1190
HLT-07-A0016,priv_escalation,2025-10-06 08:56:39,critical,DET-011,TP,False,,HLT-07-AL0000152,HLT-07,Privilege Escalation,T1068
HLT-07-A0012,exploit_public_app,2025-10-06 10:31:12,medium,DET-003,FP,False,,HLT-07-AL0000153,HLT-07,Initial Access,T1190
HLT-07-A0002,malware_detected,2025-10-06 11:18:53,low,DET-037,FP,False,,HLT-07-AL0000154,HLT-07,Execution,T1204
HLT-07-A0004,lateral_rdp_smb,2025-10-06 11:57:26,high,DET-024,FP,False,,HLT-07-AL0000155,HLT-07,Lateral Movement,T1021
HLT-07-A0002,malware_detected,2025-10-06 12:43:32,medium,DET-038,FP,False,,HLT-07-AL0000156,HLT-07,Execution,T1204
HLT-07-A0005,phishing,2025-10-06 13:19:54,high,DET-001,BP,False,,HLT-07-AL0000157,HLT-07,Initial Access,T1566
HLT-07-A0004,malicious_script,2025-10-06 14:39:41,low,DET-005,BP,False,,HLT-07-AL0000158,HLT-07,Execution,T1059
HLT-07-A0003,malicious_script,2025-10-06 16:26:54,medium,DET-005,BP,False,,HLT-07-AL0000159,HLT-07,Execution,T1059
HLT-07-A0008,malware_detected,2025-10-06 16:43:15,medium,DET-037,BP,False,,HLT-07-AL0000160,HLT-07,Execution,T1204
HLT-07-A0003,malware_detected,2025-10-06 17:20:42,low,DET-037,FP,False,,HLT-07-AL0000161,HLT-07,Execution,T1204
HLT-07-A0003,malware_detected,2025-10-06 18:08:20,medium,DET-037,BP,False,,HLT-07-AL0000162,HLT-07,Execution,T1204
HLT-07-A0014,port_scan_external,2025-10-06 18:10:40,low,DET-021,FP,False,,HLT-07-AL0000163,HLT-07,Reconnaissance,T1595
HLT-07-A0021,data_staging,2025-10-06 18:35:10,low,DET-025,BP,False,,HLT-07-AL0000164,HLT-07,Collection,T1074
HLT-07-A0007,malware_detected,2025-10-06 18:55:03,medium,DET-037,BP,False,,HLT-07-AL0000165,HLT-07,Execution,T1204
HLT-07-A0008,policy_violation,2025-10-06 19:50:37,medium,DET-039,BP,False,,HLT-07-AL0000166,HLT-07,Defense Evasion,T1562
HLT-07-A0004,malicious_script,2025-10-06 21:46:12,medium,DET-005,FP,False,,HLT-07-AL0000167,HLT-07,Execution,T1059
HLT-07-A0003,policy_violation,2025-10-06 23:30:03,low,DET-040,BP,False,,HLT-07-AL0000168,HLT-07,Defense Evasion,T1562
HLT-07-A0002,malicious_script,2025-10-07 00:09:26,high,DET-006,BP,False,,HLT-07-AL0000169,HLT-07,Execution,T1059
HLT-07-A0007,malware_detected,2025-10-07 01:17:33,medium,DET-037,BP,False,,HLT-07-AL0000170,HLT-07,Execution,T1204
HLT-07-A0005,policy_violation,2025-10-07 03:11:18,medium,DET-039,BP,False,,HLT-07-AL0000171,HLT-07,Defense Evasion,T1562
HLT-07-A0008,malicious_script,2025-10-07 08:08:51,medium,DET-006,BP,False,,HLT-07-AL0000172,HLT-07,Execution,T1059
HLT-07-A0007,sched_task,2025-10-07 08:33:04,medium,DET-009,BP,False,,HLT-07-AL0000173,HLT-07,Persistence,T1053
HLT-07-A0011,phishing,2025-10-07 08:39:34,medium,DET-001,FP,False,,HLT-07-AL0000174,HLT-07,Initial Access,T1566
HLT-07-A0015,brute_force,2025-10-07 08:42:59,high,DET-015,BP,False,,HLT-07-AL0000175,HLT-07,Credential Access,T1110
HLT-07-A0007,malicious_script,2025-10-07 09:28:52,critical,DET-005,BP,False,,HLT-07-AL0000176,HLT-07,Execution,T1059
HLT-07-A0006,malicious_script,2025-10-07 09:42:18,medium,DET-005,FP,False,,HLT-07-AL0000177,HLT-07,Execution,T1059
HLT-07-A0007,policy_violation,2025-10-07 10:09:55,high,DET-039,BP,False,,HLT-07-AL0000178,HLT-07,Defense Evasion,T1562
HLT-07-A0022,lateral_rdp_smb,2025-10-07 11:03:39,high,DET-023,TP,False,,HLT-07-AL0000179,HLT-07,Lateral Movement,T1021
HLT-07-A0007,phishing,2025-10-07 11:36:52,low,DET-001,FP,False,,HLT-07-AL0000180,HLT-07,Initial Access,T1566
HLT-07-A0005,malware_detected,2025-10-07 12:19:49,high,DET-037,FP,False,,HLT-07-AL0000181,HLT-07,Execution,T1204
HLT-07-A0002,malware_detected,2025-10-07 12:52:31,medium,DET-038,FP,False,,HLT-07-AL0000182,HLT-07,Execution,T1204
HLT-07-A0002,lateral_rdp_smb,2025-10-07 13:07:49,critical,DET-023,BP,False,,HLT-07-AL0000183,HLT-07,Lateral Movement,T1021
HLT-07-A0006,phishing,2025-10-07 13:18:09,medium,DET-001,FP,False,,HLT-07-AL0000184,HLT-07,Initial Access,T1566
HLT-07-A0003,malware_detected,2025-10-07 13:24:09,low,DET-038,BP,False,,HLT-07-AL0000185,HLT-07,Execution,T1204
HLT-07-A0010,network_scan,2025-10-07 13:26:58,low,DET-019,BP,False,,HLT-07-AL0000186,HLT-07,Discovery,T1046
HLT-07-A0006,malware_detected,2025-10-07 14:05:13,medium,DET-038,BP,False,,HLT-07-AL0000187,HLT-07,Execution,T1204
HLT-07-A0004,policy_violation,2025-10-07 14:15:51,low,DET-039,BP,False,,HLT-07-AL0000188,HLT-07,Defense Evasion,T1562
HLT-07-A0007,lateral_rdp_smb,2025-10-07 15:08:38,high,DET-023,BP,False,,HLT-07-AL0000189,HLT-07,Lateral Movement,T1021
HLT-07-A0007,policy_violation,2025-10-07 16:17:35,low,DET-039,BP,False,,HLT-07-AL0000190,HLT-07,Defense Evasion,T1562
HLT-07-A0003,malware_detected,2025-10-07 18:52:27,medium,DET-037,FP,False,,HLT-07-AL0000191,HLT-07,Execution,T1204
HLT-07-A0001,malware_detected,2025-10-07 19:19:31,medium,DET-037,BP,False,,HLT-07-AL0000192,HLT-07,Execution,T1204
HLT-07-A0001,malicious_script,2025-10-07 19:44:29,medium,DET-005,FP,False,,HLT-07-AL0000193,HLT-07,Execution,T1059
HLT-07-A0002,malicious_script,2025-10-07 20:54:39,critical,DET-005,TP,False,,HLT-07-AL0000194,HLT-07,Execution,T1059
HLT-07-A0013,port_scan_external,2025-10-07 23:19:17,high,DET-021,TP,False,,HLT-07-AL0000195,HLT-07,Reconnaissance,T1595
HLT-07-A0009,exfil_large_upload,2025-10-08 03:01:30,critical,DET-032,TP,False,,HLT-07-AL0000196,HLT-07,Exfiltration,T1048
HLT-07-A0006,policy_violation,2025-10-08 04:44:34,high,DET-039,BP,False,,HLT-07-AL0000197,HLT-07,Defense Evasion,T1562
HLT-07-A0008,c2_beacon,2025-10-08 07:38:44,medium,DET-027,FP,False,,HLT-07-AL0000198,HLT-07,Command and Control,T1071
HLT-07-A0001,new_service,2025-10-08 08:17:45,medium,DET-008,BP,False,,HLT-07-AL0000199,HLT-07,Persistence,T1543
HLT-07-A0001,malware_detected,2025-10-08 08:32:44,high,DET-038,TP,False,,HLT-07-AL0000200,HLT-07,Execution,T1204
HLT-07-A0010,port_scan_external,2025-10-08 09:05:23,low,DET-021,FP,False,,HLT-07-AL0000201,HLT-07,Reconnaissance,T1595
HLT-07-A0008,phishing,2025-10-08 09:28:30,medium,DET-001,FP,False,,HLT-07-AL0000202,HLT-07,Initial Access,T1566
HLT-07-A0004,policy_violation,2025-10-08 10:30:44,medium,DET-040,FP,False,,HLT-07-AL0000203,HLT-07,Defense Evasion,T1562
HLT-07-A0003,malware_detected,2025-10-08 12:00:34,medium,DET-037,FP,False,,HLT-07-AL0000204,HLT-07,Execution,T1204
HLT-07-A0011,malware_detected,2025-10-08 12:13:22,high,DET-037,BP,False,,HLT-07-AL0000205,HLT-07,Execution,T1204
HLT-07-A0007,policy_violation,2025-10-08 12:19:01,medium,DET-039,BP,False,,HLT-07-AL0000206,HLT-07,Defense Evasion,T1562
HLT-07-A0001,malware_detected,2025-10-08 12:19:25,medium,DET-037,FP,False,,HLT-07-AL0000207,HLT-07,Execution,T1204
HLT-07-A0004,malware_detected,2025-10-08 12:29:58,low,DET-037,FP,False,,HLT-07-AL0000208,HLT-07,Execution,T1204
HLT-07-A0024,exploit_public_app,2025-10-08 12:34:51,medium,DET-004,BP,False,,HLT-07-AL0000209,HLT-07,Initial Access,T1190
HLT-07-A0001,malicious_script,2025-10-08 14:09:28,low,DET-005,BP,False,,HLT-07-AL0000210,HLT-07,Execution,T1059
HLT-07-A0014,port_scan_external,2025-10-08 14:31:24,low,DET-021,FP,False,,HLT-07-AL0000211,HLT-07,Reconnaissance,T1595
HLT-07-A0003,malware_detected,2025-10-08 14:38:47,low,DET-037,FP,False,,HLT-07-AL0000212,HLT-07,Execution,T1204
HLT-07-A0002,lateral_rdp_smb,2025-10-08 15:04:00,critical,DET-023,BP,False,,HLT-07-AL0000213,HLT-07,Lateral Movement,T1021
HLT-07-A0008,phishing,2025-10-08 15:26:49,high,DET-001,BP,False,,HLT-07-AL0000214,HLT-07,Initial Access,T1566
HLT-07-A0009,port_scan_external,2025-10-08 15:36:11,low,DET-021,FP,False,,HLT-07-AL0000215,HLT-07,Reconnaissance,T1595
HLT-07-A0015,priv_escalation,2025-10-08 15:38:15,critical,DET-011,BP,False,,HLT-07-AL0000216,HLT-07,Privilege Escalation,T1068
HLT-07-A0013,port_scan_external,2025-10-08 15:41:04,low,DET-021,FP,False,,HLT-07-AL0000217,HLT-07,Reconnaissance,T1595
HLT-07-A0004,malware_detected,2025-10-08 16:30:33,low,DET-037,FP,False,,HLT-07-AL0000218,HLT-07,Execution,T1204
HLT-07-A0002,sched_task,2025-10-08 18:11:45,critical,DET-010,TP,False,,HLT-07-AL0000219,HLT-07,Persistence,T1053
HLT-07-A0009,port_scan_external,2025-10-08 18:15:00,low,DET-021,FP,False,,HLT-07-AL0000220,HLT-07,Reconnaissance,T1595
HLT-07-A0007,sched_task,2025-10-08 18:43:13,high,DET-010,FP,False,,HLT-07-AL0000221,HLT-07,Persistence,T1053
HLT-07-A0009,port_scan_external,2025-10-08 18:48:14,low,DET-021,BP,False,,HLT-07-AL0000222,HLT-07,Reconnaissance,T1595
HLT-07-A0009,port_scan_external,2025-10-08 19:01:56,high,DET-022,FP,False,,HLT-07-AL0000223,HLT-07,Reconnaissance,T1595
HLT-07-A0006,malicious_script,2025-10-08 19:03:11,low,DET-005,FP,False,,HLT-07-AL0000224,HLT-07,Execution,T1059
HLT-07-A0009,port_scan_external,2025-10-08 22:30:32,low,DET-022,FP,False,,HLT-07-AL0000225,HLT-07,Reconnaissance,T1595
HLT-07-A0011,malware_detected,2025-10-09 00:17:58,medium,DET-037,BP,False,,HLT-07-AL0000226,HLT-07,Execution,T1204
HLT-07-A0006,policy_violation,2025-10-09 01:30:44,low,DET-039,BP,False,,HLT-07-AL0000227,HLT-07,Defense Evasion,T1562
HLT-07-A0008,c2_beacon,2025-10-09 01:45:26,high,DET-027,TP,False,,HLT-07-AL0000228,HLT-07,Command and Control,T1071
HLT-07-A0007,sched_task,2025-10-09 03:17:40,critical,DET-009,BP,False,,HLT-07-AL0000229,HLT-07,Persistence,T1053
HLT-07-A0017,brute_force,2025-10-09 04:53:52,medium,DET-015,BP,False,,HLT-07-AL0000230,HLT-07,Credential Access,T1110
HLT-07-A0009,network_scan,2025-10-09 08:15:07,low,DET-019,BP,False,,HLT-07-AL0000231,HLT-07,Discovery,T1046
HLT-07-A0001,dns_tunnel,2025-10-09 08:40:32,high,DET-029,BP,False,,HLT-07-AL0000232,HLT-07,Command and Control,T1071.004
HLT-07-A0004,credential_dump,2025-10-09 08:43:52,high,DET-017,FP,False,,HLT-07-AL0000233,HLT-07,Credential Access,T1003
HLT-07-A0018,brute_force,2025-10-09 09:09:58,low,DET-016,FP,False,,HLT-07-AL0000234,HLT-07,Credential Access,T1110
HLT-07-A0009,exfil_large_upload,2025-10-09 10:30:34,high,DET-032,FP,False,,HLT-07-AL0000235,HLT-07,Exfiltration,T1048
HLT-07-A0003,c2_beacon,2025-10-09 11:02:08,high,DET-027,BP,False,,HLT-07-AL0000236,HLT-07,Command and Control,T1071
HLT-07-A0001,malicious_script,2025-10-09 11:42:42,high,DET-005,FP,False,,HLT-07-AL0000237,HLT-07,Execution,T1059
HLT-07-A0009,port_scan_external,2025-10-09 12:23:44,medium,DET-022,BP,False,,HLT-07-AL0000238,HLT-07,Reconnaissance,T1595
HLT-07-A0008,malicious_script,2025-10-09 13:10:40,high,DET-005,BP,False,,HLT-07-AL0000239,HLT-07,Execution,T1059
HLT-07-A0006,malicious_script,2025-10-09 13:28:33,medium,DET-006,BP,False,,HLT-07-AL0000240,HLT-07,Execution,T1059
HLT-07-A0007,phishing,2025-10-09 15:11:11,medium,DET-001,BP,False,,HLT-07-AL0000241,HLT-07,Initial Access,T1566
HLT-07-A0007,malware_detected,2025-10-09 15:17:26,high,DET-037,FP,False,,HLT-07-AL0000242,HLT-07,Execution,T1204
HLT-07-A0002,malicious_script,2025-10-09 15:33:02,low,DET-006,FP,False,,HLT-07-AL0000243,HLT-07,Execution,T1059
HLT-07-A0021,lateral_rdp_smb,2025-10-09 16:10:38,high,DET-023,BP,False,,HLT-07-AL0000244,HLT-07,Lateral Movement,T1021
HLT-07-A0023,exploit_public_app,2025-10-09 17:20:32,high,DET-003,FP,False,,HLT-07-AL0000245,HLT-07,Initial Access,T1190
HLT-07-A0008,policy_violation,2025-10-09 18:03:28,low,DET-039,BP,False,,HLT-07-AL0000246,HLT-07,Defense Evasion,T1562
HLT-07-A0016,credential_dump,2025-10-09 20:09:58,medium,DET-018,BP,False,,HLT-07-AL0000247,HLT-07,Credential Access,T1003
HLT-07-A0019,brute_force,2025-10-09 23:06:57,medium,DET-015,FP,False,,HLT-07-AL0000248,HLT-07,Credential Access,T1110
HLT-07-A0010,c2_beacon,2025-10-10 00:42:57,high,DET-027,FP,False,,HLT-07-AL0000249,HLT-07,Command and Control,T1071
HLT-07-A0006,new_service,2025-10-10 03:26:55,high,DET-007,BP,False,,HLT-07-AL0000250,HLT-07,Persistence,T1543
HLT-07-A0007,malicious_script,2025-10-10 05:27:53,high,DET-005,FP,False,,HLT-07-AL0000251,HLT-07,Execution,T1059
HLT-07-A0009,port_scan_external,2025-10-10 09:16:48,low,DET-022,BP,False,,HLT-07-AL0000252,HLT-07,Reconnaissance,T1595
HLT-07-A0022,data_staging,2025-10-10 09:55:40,high,DET-026,FP,False,,HLT-07-AL0000253,HLT-07,Collection,T1074
HLT-07-A0007,phishing,2025-10-10 10:00:51,high,DET-002,FP,False,,HLT-07-AL0000254,HLT-07,Initial Access,T1566
HLT-07-A0010,port_scan_external,2025-10-10 10:10:18,low,DET-021,BP,False,,HLT-07-AL0000255,HLT-07,Reconnaissance,T1595
HLT-07-A0006,data_staging,2025-10-10 10:26:00,medium,DET-026,FP,False,,HLT-07-AL0000256,HLT-07,Collection,T1074
HLT-07-A0013,exploit_public_app,2025-10-10 11:03:09,high,DET-003,FP,False,,HLT-07-AL0000257,HLT-07,Initial Access,T1190
HLT-07-A0005,lateral_rdp_smb,2025-10-10 11:04:06,high,DET-023,FP,False,,HLT-07-AL0000258,HLT-07,Lateral Movement,T1021
HLT-07-A0003,malware_detected,2025-10-10 12:50:59,medium,DET-037,FP,False,,HLT-07-AL0000259,HLT-07,Execution,T1204
HLT-07-A0004,sched_task,2025-10-10 14:08:42,medium,DET-009,BP,False,,HLT-07-AL0000260,HLT-07,Persistence,T1053
HLT-07-A0023,brute_force,2025-10-10 14:36:54,low,DET-015,FP,False,,HLT-07-AL0000261,HLT-07,Credential Access,T1110
HLT-07-A0012,port_scan_external,2025-10-10 15:42:01,low,DET-021,BP,False,,HLT-07-AL0000262,HLT-07,Reconnaissance,T1595
HLT-07-A0025,policy_violation,2025-10-10 16:29:02,low,DET-039,BP,False,,HLT-07-AL0000263,HLT-07,Defense Evasion,T1562
HLT-07-A0005,new_service,2025-10-10 17:25:58,high,DET-007,TP,False,,HLT-07-AL0000264,HLT-07,Persistence,T1543
HLT-07-A0004,malware_detected,2025-10-10 18:26:56,medium,DET-037,FP,False,,HLT-07-AL0000265,HLT-07,Execution,T1204
HLT-07-A0009,c2_beacon,2025-10-10 19:36:44,critical,DET-027,FP,False,,HLT-07-AL0000266,HLT-07,Command and Control,T1071
HLT-07-A0006,malware_detected,2025-10-11 04:28:41,high,DET-037,BP,False,,HLT-07-AL0000267,HLT-07,Execution,T1204
HLT-07-A0013,port_scan_external,2025-10-11 08:22:20,low,DET-021,BP,False,,HLT-07-AL0000268,HLT-07,Reconnaissance,T1595
HLT-07-A0004,phishing,2025-10-11 09:23:46,low,DET-001,BP,False,,HLT-07-AL0000269,HLT-07,Initial Access,T1566
HLT-07-A0009,port_scan_external,2025-10-11 10:56:41,low,DET-021,FP,False,,HLT-07-AL0000270,HLT-07,Reconnaissance,T1595
HLT-07-A0004,malicious_script,2025-10-11 12:28:43,medium,DET-005,BP,False,,HLT-07-AL0000271,HLT-07,Execution,T1059
HLT-07-A0006,ransomware_behavior,2025-10-11 12:38:23,medium,DET-033,FP,False,,HLT-07-AL0000272,HLT-07,Impact,T1486
HLT-07-A0007,malware_detected,2025-10-11 12:51:13,critical,DET-037,FP,False,,HLT-07-AL0000273,HLT-07,Execution,T1204
HLT-07-A0003,malware_detected,2025-10-11 12:52:13,high,DET-037,BP,False,,HLT-07-AL0000274,HLT-07,Execution,T1204
HLT-07-A0007,credential_dump,2025-10-11 13:21:11,critical,DET-017,TP,False,,HLT-07-AL0000275,HLT-07,Credential Access,T1003
HLT-07-A0014,port_scan_external,2025-10-11 13:27:11,low,DET-022,BP,False,,HLT-07-AL0000276,HLT-07,Reconnaissance,T1595
HLT-07-A0013,c2_beacon,2025-10-11 13:38:39,critical,DET-027,BP,False,,HLT-07-AL0000277,HLT-07,Command and Control,T1071
HLT-07-A0013,exploit_public_app,2025-10-11 14:18:48,low,DET-003,BP,False,,HLT-07-AL0000278,HLT-07,Initial Access,T1190
HLT-07-A0011,phishing,2025-10-11 15:15:01,low,DET-001,BP,False,,HLT-07-AL0000279,HLT-07,Initial Access,T1566
HLT-07-A0010,port_scan_external,2025-10-11 15:38:29,low,DET-022,BP,False,,HLT-07-AL0000280,HLT-07,Reconnaissance,T1595
HLT-07-A0018,data_staging,2025-10-11 16:09:32,low,DET-025,BP,False,,HLT-07-AL0000281,HLT-07,Collection,T1074
HLT-07-A0001,sched_task,2025-10-11 17:46:23,high,DET-010,FP,False,,HLT-07-AL0000282,HLT-07,Persistence,T1053
HLT-07-A0005,policy_violation,2025-10-11 18:12:31,low,DET-040,FP,False,,HLT-07-AL0000283,HLT-07,Defense Evasion,T1562
HLT-07-A0010,port_scan_external,2025-10-11 18:58:54,low,DET-021,BP,False,,HLT-07-AL0000284,HLT-07,Reconnaissance,T1595
HLT-07-A0011,phishing,2025-10-11 20:38:10,high,DET-001,TP,False,,HLT-07-AL0000285,HLT-07,Initial Access,T1566
HLT-07-A0005,lateral_rdp_smb,2025-10-11 22:43:19,high,DET-023,BP,False,,HLT-07-AL0000286,HLT-07,Lateral Movement,T1021
HLT-07-A0007,malicious_script,2025-10-12 00:30:35,low,DET-005,FP,False,,HLT-07-AL0000287,HLT-07,Execution,T1059
HLT-07-A0003,malicious_script,2025-10-12 03:11:03,medium,DET-005,FP,False,,HLT-07-AL0000288,HLT-07,Execution,T1059
HLT-07-A0008,malicious_script,2025-10-12 03:51:08,critical,DET-005,FP,False,,HLT-07-AL0000289,HLT-07,Execution,T1059
HLT-07-A0010,port_scan_external,2025-10-12 06:28:14,low,DET-022,BP,False,,HLT-07-AL0000290,HLT-07,Reconnaissance,T1595
HLT-07-A0009,port_scan_external,2025-10-12 08:07:56,medium,DET-021,FP,False,,HLT-07-AL0000291,HLT-07,Reconnaissance,T1595
HLT-07-A0004,new_service,2025-10-12 08:19:03,low,DET-007,BP,False,,HLT-07-AL0000292,HLT-07,Persistence,T1543
HLT-07-A0011,phishing,2025-10-12 08:38:12,low,DET-001,FP,False,,HLT-07-AL0000293,HLT-07,Initial Access,T1566
HLT-07-A0010,port_scan_external,2025-10-12 09:12:57,low,DET-021,BP,False,,HLT-07-AL0000294,HLT-07,Reconnaissance,T1595
HLT-07-A0008,phishing,2025-10-12 09:13:08,critical,DET-001,TP,False,,HLT-07-AL0000295,HLT-07,Initial Access,T1566
HLT-07-A0003,phishing,2025-10-12 09:54:18,high,DET-001,BP,False,,HLT-07-AL0000296,HLT-07,Initial Access,T1566
HLT-07-A0016,priv_escalation,2025-10-12 10:07:41,critical,DET-011,BP,False,,HLT-07-AL0000297,HLT-07,Privilege Escalation,T1068
HLT-07-A0005,phishing,2025-10-12 10:08:19,medium,DET-001,FP,False,,HLT-07-AL0000298,HLT-07,Initial Access,T1566
HLT-07-A0009,network_scan,2025-10-12 12:09:48,low,DET-019,FP,False,,HLT-07-AL0000299,HLT-07,Discovery,T1046
HLT-07-A0008,new_service,2025-10-12 13:39:47,low,DET-008,FP,False,,HLT-07-AL0000300,HLT-07,Persistence,T1543
HLT-07-A0009,port_scan_external,2025-10-12 14:10:08,low,DET-022,FP,False,,HLT-07-AL0000301,HLT-07,Reconnaissance,T1595
HLT-07-A0003,malicious_script,2025-10-12 14:49:25,medium,DET-005,FP,False,,HLT-07-AL0000302,HLT-07,Execution,T1059
HLT-07-A0009,port_scan_external,2025-10-12 14:55:44,low,DET-021,BP,False,,HLT-07-AL0000303,HLT-07,Reconnaissance,T1595
HLT-07-A0008,policy_violation,2025-10-12 15:40:43,medium,DET-039,BP,False,,HLT-07-AL0000304,HLT-07,Defense Evasion,T1562
HLT-07-A0007,malware_detected,2025-10-12 16:01:59,low,DET-038,BP,False,,HLT-07-AL0000305,HLT-07,Execution,T1204
HLT-07-A0009,port_scan_external,2025-10-12 18:56:28,low,DET-021,FP,False,,HLT-07-AL0000306,HLT-07,Reconnaissance,T1595
HLT-07-A0004,sched_task,2025-10-12 18:57:54,medium,DET-009,BP,False,,HLT-07-AL0000307,HLT-07,Persistence,T1053
HLT-07-A0004,malicious_script,2025-10-12 20:19:02,medium,DET-005,BP,False,,HLT-07-AL0000308,HLT-07,Execution,T1059
HLT-07-A0022,exploit_public_app,2025-10-12 20:56:49,high,DET-003,BP,False,,HLT-07-AL0000309,HLT-07,Initial Access,T1190
HLT-07-A0006,policy_violation,2025-10-12 22:11:05,low,DET-039,FP,False,,HLT-07-AL0000310,HLT-07,Defense Evasion,T1562
HLT-07-A0010,c2_beacon,2025-10-13 00:14:30,critical,DET-027,FP,False,,HLT-07-AL0000311,HLT-07,Command and Control,T1071
HLT-07-A0008,malware_detected,2025-10-13 02:57:50,low,DET-037,BP,False,,HLT-07-AL0000312,HLT-07,Execution,T1204
HLT-07-A0011,phishing,2025-10-13 04:18:13,medium,DET-001,TP,False,,HLT-07-AL0000313,HLT-07,Initial Access,T1566
HLT-07-A0015,new_service,2025-10-13 07:36:59,critical,DET-007,BP,False,,HLT-07-AL0000314,HLT-07,Persistence,T1543
HLT-07-A0003,dns_tunnel,2025-10-13 07:42:26,high,DET-029,TP,False,,HLT-07-AL0000315,HLT-07,Command and Control,T1071.004
HLT-07-A0003,malware_detected,2025-10-13 08:28:08,medium,DET-037,FP,False,,HLT-07-AL0000316,HLT-07,Execution,T1204
HLT-07-A0011,phishing,2025-10-13 08:28:10,low,DET-001,FP,False,,HLT-07-AL0000317,HLT-07,Initial Access,T1566
HLT-07-A0012,port_scan_external,2025-10-13 09:07:27,low,DET-021,BP,False,,HLT-07-AL0000318,HLT-07,Reconnaissance,T1595
HLT-07-A0001,malware_detected,2025-10-13 10:13:13,low,DET-037,FP,False,,HLT-07-AL0000319,HLT-07,Execution,T1204
HLT-07-A0012,exploit_public_app,2025-10-13 10:23:27,critical,DET-003,TP,False,,HLT-07-AL0000320,HLT-07,Initial Access,T1190
HLT-07-A0007,phishing,2025-10-13 11:13:08,medium,DET-001,BP,False,,HLT-07-AL0000321,HLT-07,Initial Access,T1566
HLT-07-A0014,brute_force,2025-10-13 11:14:39,medium,DET-015,FP,False,,HLT-07-AL0000322,HLT-07,Credential Access,T1110
HLT-07-A0002,malicious_script,2025-10-13 11:18:24,critical,DET-006,BP,False,,HLT-07-AL0000323,HLT-07,Execution,T1059
HLT-07-A0024,policy_violation,2025-10-13 12:24:37,low,DET-039,FP,False,,HLT-07-AL0000324,HLT-07,Defense Evasion,T1562
HLT-07-A0001,malware_detected,2025-10-13 13:30:54,medium,DET-038,BP,False,,HLT-07-AL0000325,HLT-07,Execution,T1204
HLT-07-A0002,malware_detected,2025-10-13 13:44:25,low,DET-037,BP,False,,HLT-07-AL0000326,HLT-07,Execution,T1204
HLT-07-A0002,new_service,2025-10-13 14:15:31,medium,DET-007,BP,False,,HLT-07-AL0000327,HLT-07,Persistence,T1543
HLT-07-A0008,phishing,2025-10-13 15:34:00,medium,DET-001,BP,False,,HLT-07-AL0000328,HLT-07,Initial Access,T1566
HLT-07-A0004,malicious_script,2025-10-13 16:57:07,low,DET-005,BP,False,,HLT-07-AL0000329,HLT-07,Execution,T1059
HLT-07-A0009,port_scan_external,2025-10-13 18:20:06,medium,DET-021,BP,False,,HLT-07-AL0000330,HLT-07,Reconnaissance,T1595
HLT-07-A0005,policy_violation,2025-10-13 18:35:43,medium,DET-039,FP,False,,HLT-07-AL0000331,HLT-07,Defense Evasion,T1562
HLT-07-A0016,brute_force,2025-10-13 18:54:48,medium,DET-015,TP,False,,HLT-07-AL0000332,HLT-07,Credential Access,T1110
HLT-07-A0004,malware_detected,2025-10-13 19:41:16,low,DET-037,BP,False,,HLT-07-AL0000333,HLT-07,Execution,T1204
HLT-07-A0010,port_scan_external,2025-10-13 20:14:33,medium,DET-021,FP,False,,HLT-07-AL0000334,HLT-07,Reconnaissance,T1595
HLT-07-A0006,sched_task,2025-10-13 21:20:13,medium,DET-009,BP,False,,HLT-07-AL0000335,HLT-07,Persistence,T1053
HLT-07-A0006,malware_detected,2025-10-14 00:04:14,medium,DET-037,BP,False,,HLT-07-AL0000336,HLT-07,Execution,T1204
HLT-07-A0004,policy_violation,2025-10-14 04:08:15,low,DET-039,BP,False,,HLT-07-AL0000337,HLT-07,Defense Evasion,T1562
HLT-07-A0009,port_scan_external,2025-10-14 08:45:10,low,DET-022,BP,False,,HLT-07-AL0000338,HLT-07,Reconnaissance,T1595
HLT-07-A0005,malicious_script,2025-10-14 09:22:19,low,DET-005,FP,False,,HLT-07-AL0000339,HLT-07,Execution,T1059
HLT-07-A0001,phishing,2025-10-14 09:39:25,low,DET-001,FP,False,,HLT-07-AL0000340,HLT-07,Initial Access,T1566
HLT-07-A0004,malware_detected,2025-10-14 09:45:21,high,DET-037,FP,False,,HLT-07-AL0000341,HLT-07,Execution,T1204
HLT-07-A0001,malware_detected,2025-10-14 09:52:45,medium,DET-037,FP,False,,HLT-07-AL0000342,HLT-07,Execution,T1204
HLT-07-A0006,malicious_script,2025-10-14 10:58:03,critical,DET-005,BP,False,,HLT-07-AL0000343,HLT-07,Execution,T1059
HLT-07-A0006,policy_violation,2025-10-14 11:00:13,medium,DET-040,FP,False,,HLT-07-AL0000344,HLT-07,Defense Evasion,T1562
HLT-07-A0018,brute_force,2025-10-14 11:38:18,low,DET-015,BP,False,,HLT-07-AL0000345,HLT-07,Credential Access,T1110
HLT-07-A0006,dns_tunnel,2025-10-14 12:04:16,medium,DET-030,BP,False,,HLT-07-AL0000346,HLT-07,Command and Control,T1071.004
HLT-07-A0008,malicious_script,2025-10-14 12:24:17,low,DET-005,BP,False,,HLT-07-AL0000347,HLT-07,Execution,T1059
HLT-07-A0003,policy_violation,2025-10-14 12:49:35,low,DET-039,FP,False,,HLT-07-AL0000348,HLT-07,Defense Evasion,T1562
HLT-07-A0022,priv_escalation,2025-10-14 12:56:21,critical,DET-012,BP,False,,HLT-07-AL0000349,HLT-07,Privilege Escalation,T1068
HLT-07-A0002,sched_task,2025-10-14 12:58:12,low,DET-009,FP,False,,HLT-07-AL0000350,HLT-07,Persistence,T1053
HLT-07-A0005,policy_violation,2025-10-14 13:02:20,high,DET-040,TP,False,,HLT-07-AL0000351,HLT-07,Defense Evasion,T1562
HLT-07-A0005,sched_task,2025-10-14 13:17:22,high,DET-009,FP,False,,HLT-07-AL0000352,HLT-07,Persistence,T1053
HLT-07-A0004,malicious_script,2025-10-14 13:19:03,medium,DET-005,BP,False,,HLT-07-AL0000353,HLT-07,Execution,T1059
HLT-07-A0004,malicious_script,2025-10-14 14:40:28,medium,DET-005,BP,False,,HLT-07-AL0000354,HLT-07,Execution,T1059
HLT-07-A0015,lateral_rdp_smb,2025-10-14 14:50:17,high,DET-023,BP,False,,HLT-07-AL0000355,HLT-07,Lateral Movement,T1021
HLT-07-A0007,new_service,2025-10-14 15:27:02,medium,DET-007,FP,False,,HLT-07-AL0000356,HLT-07,Persistence,T1543
HLT-07-A0009,port_scan_external,2025-10-14 15:43:30,low,DET-021,BP,False,,HLT-07-AL0000357,HLT-07,Reconnaissance,T1595
HLT-07-A0008,dns_tunnel,2025-10-14 16:43:53,medium,DET-029,FP,False,,HLT-07-AL0000358,HLT-07,Command and Control,T1071.004
HLT-07-A0010,port_scan_external,2025-10-14 17:18:40,low,DET-021,BP,False,,HLT-07-AL0000359,HLT-07,Reconnaissance,T1595
HLT-07-A0013,port_scan_external,2025-10-14 17:52:05,medium,DET-021,FP,False,,HLT-07-AL0000360,HLT-07,Reconnaissance,T1595
HLT-07-A0023,brute_force,2025-10-14 18:26:21,medium,DET-015,BP,False,,HLT-07-AL0000361,HLT-07,Credential Access,T1110
HLT-07-A0001,malicious_script,2025-10-14 18:41:16,high,DET-005,BP,False,,HLT-07-AL0000362,HLT-07,Execution,T1059
HLT-07-A0016,priv_escalation,2025-10-14 18:51:17,high,DET-011,FP,False,,HLT-07-AL0000363,HLT-07,Privilege Escalation,T1068
HLT-07-A0010,port_scan_external,2025-10-14 20:45:36,medium,DET-021,FP,False,,HLT-07-AL0000364,HLT-07,Reconnaissance,T1595
HLT-07-A0003,sched_task,2025-10-14 22:37:52,high,DET-009,FP,False,,HLT-07-AL0000365,HLT-07,Persistence,T1053
HLT-07-A0001,new_service,2025-10-15 01:17:31,medium,DET-007,FP,False,,HLT-07-AL0000366,HLT-07,Persistence,T1543
HLT-07-A0013,port_scan_external,2025-10-15 02:59:25,low,DET-021,FP,False,,HLT-07-AL0000367,HLT-07,Reconnaissance,T1595
HLT-07-A0001,malware_detected,2025-10-15 03:08:46,high,DET-037,FP,False,,HLT-07-AL0000368,HLT-07,Execution,T1204
HLT-07-A0024,policy_violation,2025-10-15 03:29:36,low,DET-039,BP,False,,HLT-07-AL0000369,HLT-07,Defense Evasion,T1562
HLT-07-A0007,malware_detected,2025-10-15 04:16:26,low,DET-037,FP,False,,HLT-07-AL0000370,HLT-07,Execution,T1204
HLT-07-A0005,policy_violation,2025-10-15 05:19:31,medium,DET-040,BP,False,,HLT-07-AL0000371,HLT-07,Defense Evasion,T1562
HLT-07-A0004,malware_detected,2025-10-15 05:41:03,medium,DET-038,FP,False,,HLT-07-AL0000372,HLT-07,Execution,T1204
HLT-07-A0007,c2_beacon,2025-10-15 07:00:53,high,DET-027,BP,False,,HLT-07-AL0000373,HLT-07,Command and Control,T1071
HLT-07-A0008,malicious_script,2025-10-15 09:13:20,low,DET-005,BP,False,,HLT-07-AL0000374,HLT-07,Execution,T1059
HLT-07-A0011,phishing,2025-10-15 09:24:23,low,DET-001,FP,False,,HLT-07-AL0000375,HLT-07,Initial Access,T1566
HLT-07-A0012,exploit_public_app,2025-10-15 10:35:05,critical,DET-003,FP,False,,HLT-07-AL0000376,HLT-07,Initial Access,T1190
HLT-07-A0004,policy_violation,2025-10-15 10:43:28,medium,DET-039,TP,False,,HLT-07-AL0000377,HLT-07,Defense Evasion,T1562
HLT-07-A0002,new_service,2025-10-15 11:13:35,low,DET-007,FP,False,,HLT-07-AL0000378,HLT-07,Persistence,T1543
HLT-07-A0001,lateral_rdp_smb,2025-10-15 11:45:05,high,DET-023,FP,False,,HLT-07-AL0000379,HLT-07,Lateral Movement,T1021
HLT-07-A0001,sched_task,2025-10-15 12:03:38,medium,DET-009,FP,False,,HLT-07-AL0000380,HLT-07,Persistence,T1053
HLT-07-A0013,exploit_public_app,2025-10-15 12:29:45,low,DET-003,BP,False,,HLT-07-AL0000381,HLT-07,Initial Access,T1190
HLT-07-A0019,data_staging,2025-10-15 12:30:42,high,DET-026,TP,False,,HLT-07-AL0000382,HLT-07,Collection,T1074
HLT-07-A0004,phishing,2025-10-15 13:37:32,medium,DET-001,FP,False,,HLT-07-AL0000383,HLT-07,Initial Access,T1566
HLT-07-A0006,sched_task,2025-10-15 13:37:34,high,DET-009,TP,False,,HLT-07-AL0000384,HLT-07,Persistence,T1053
HLT-07-A0007,malware_detected,2025-10-15 13:59:27,high,DET-037,BP,False,,HLT-07-AL0000385,HLT-07,Execution,T1204
HLT-07-A0023,exfil_large_upload,2025-10-15 14:09:31,medium,DET-031,FP,False,,HLT-07-AL0000386,HLT-07,Exfiltration,T1048
HLT-07-A0007,lateral_rdp_smb,2025-10-15 15:06:38,critical,DET-024,BP,False,,HLT-07-AL0000387,HLT-07,Lateral Movement,T1021
HLT-07-A0010,port_scan_external,2025-10-15 15:19:14,low,DET-021,BP,False,,HLT-07-AL0000388,HLT-07,Reconnaissance,T1595
HLT-07-A0004,malicious_script,2025-10-15 15:21:23,high,DET-005,BP,False,,HLT-07-AL0000389,HLT-07,Execution,T1059
HLT-07-A0002,policy_violation,2025-10-15 15:23:10,high,DET-039,TP,False,,HLT-07-AL0000390,HLT-07,Defense Evasion,T1562
HLT-07-A0011,phishing,2025-10-15 15:25:12,low,DET-002,FP,False,,HLT-07-AL0000391,HLT-07,Initial Access,T1566
HLT-07-A0024,brute_force,2025-10-15 15:29:30,high,DET-016,BP,False,,HLT-07-AL0000392,HLT-07,Credential Access,T1110
HLT-07-A0004,phishing,2025-10-15 15:46:24,critical,DET-001,FP,False,,HLT-07-AL0000393,HLT-07,Initial Access,T1566
HLT-07-A0012,malicious_script,2025-10-15 15:51:51,critical,DET-005,FP,False,,HLT-07-AL0000394,HLT-07,Execution,T1059
HLT-07-A0016,brute_force,2025-10-15 16:23:33,medium,DET-015,FP,False,,HLT-07-AL0000395,HLT-07,Credential Access,T1110
HLT-07-A0007,lateral_rdp_smb,2025-10-15 17:27:07,medium,DET-023,BP,False,,HLT-07-AL0000396,HLT-07,Lateral Movement,T1021
HLT-07-A0015,brute_force,2025-10-15 17:33:18,high,DET-015,FP,False,,HLT-07-AL0000397,HLT-07,Credential Access,T1110
HLT-07-A0007,malware_detected,2025-10-15 18:01:10,high,DET-037,FP,False,,HLT-07-AL0000398,HLT-07,Execution,T1204
HLT-07-A0010,port_scan_external,2025-10-15 18:42:44,low,DET-021,FP,False,,HLT-07-AL0000399,HLT-07,Reconnaissance,T1595
HLT-07-A0009,port_scan_external,2025-10-15 18:46:20,low,DET-021,FP,False,,HLT-07-AL0000400,HLT-07,Reconnaissance,T1595
HLT-07-A0007,malware_detected,2025-10-15 18:48:55,high,DET-037,BP,False,,HLT-07-AL0000401,HLT-07,Execution,T1204
HLT-07-A0005,malware_detected,2025-10-15 21:38:32,low,DET-037,BP,False,,HLT-07-AL0000402,HLT-07,Execution,T1204
HLT-07-A0010,c2_beacon,2025-10-15 23:40:59,high,DET-027,TP,False,,HLT-07-AL0000403,HLT-07,Command and Control,T1071
HLT-07-A0004,phishing,2025-10-16 00:19:29,critical,DET-001,TP,False,,HLT-07-AL0000404,HLT-07,Initial Access,T1566
HLT-07-A0001,malware_detected,2025-10-16 01:20:11,medium,DET-038,BP,False,,HLT-07-AL0000405,HLT-07,Execution,T1204
HLT-07-A0012,exploit_public_app,2025-10-16 07:25:21,high,DET-003,BP,False,,HLT-07-AL0000406,HLT-07,Initial Access,T1190
HLT-07-A0003,malware_detected,2025-10-16 09:18:18,medium,DET-037,FP,False,,HLT-07-AL0000407,HLT-07,Execution,T1204
HLT-07-A0001,new_service,2025-10-16 09:53:21,medium,DET-008,FP,False,,HLT-07-AL0000408,HLT-07,Persistence,T1543
HLT-07-A0008,new_service,2025-10-16 10:12:32,high,DET-007,FP,False,,HLT-07-AL0000409,HLT-07,Persistence,T1543
HLT-07-A0015,brute_force,2025-10-16 11:21:22,medium,DET-015,BP,False,,HLT-07-AL0000410,HLT-07,Credential Access,T1110
HLT-07-A0008,phishing,2025-10-16 11:47:40,high,DET-001,TP,False,,HLT-07-AL0000411,HLT-07,Initial Access,T1566
HLT-07-A0022,brute_force,2025-10-16 11:58:21,medium,DET-015,FP,False,,HLT-07-AL0000412,HLT-07,Credential Access,T1110
HLT-07-A0001,phishing,2025-10-16 12:21:08,low,DET-001,FP,False,,HLT-07-AL0000413,HLT-07,Initial Access,T1566
HLT-07-A0013,port_scan_external,2025-10-16 12:48:59,medium,DET-021,BP,False,,HLT-07-AL0000414,HLT-07,Reconnaissance,T1595
HLT-07-A0010,c2_beacon,2025-10-16 14:20:01,high,DET-028,BP,False,,HLT-07-AL0000415,HLT-07,Command and Control,T1071
HLT-07-A0004,malware_detected,2025-10-16 14:23:31,high,DET-037,FP,False,,HLT-07-AL0000416,HLT-07,Execution,T1204
HLT-07-A0016,brute_force,2025-10-16 14:32:42,high,DET-015,TP,False,,HLT-07-AL0000417,HLT-07,Credential Access,T1110
HLT-07-A0006,malware_detected,2025-10-16 14:56:46,low,DET-037,FP,False,,HLT-07-AL0000418,HLT-07,Execution,T1204
HLT-07-A0010,port_scan_external,2025-10-16 14:59:08,low,DET-022,FP,False,,HLT-07-AL0000419,HLT-07,Reconnaissance,T1595
HLT-07-A0004,malware_detected,2025-10-16 15:00:13,medium,DET-037,FP,False,,HLT-07-AL0000420,HLT-07,Execution,T1204
HLT-07-A0013,exploit_public_app,2025-10-16 15:16:13,high,DET-003,FP,False,,HLT-07-AL0000421,HLT-07,Initial Access,T1190
HLT-07-A0019,priv_escalation,2025-10-16 15:18:34,high,DET-011,BP,False,,HLT-07-AL0000422,HLT-07,Privilege Escalation,T1068
HLT-07-A0002,malware_detected,2025-10-16 15:51:56,low,DET-037,BP,False,,HLT-07-AL0000423,HLT-07,Execution,T1204
HLT-07-A0004,dns_tunnel,2025-10-16 16:13:06,high,DET-029,FP,False,,HLT-07-AL0000424,HLT-07,Command and Control,T1071.004
HLT-07-A0006,dns_tunnel,2025-10-16 17:13:21,medium,DET-029,BP,False,,HLT-07-AL0000425,HLT-07,Command and Control,T1071.004
HLT-07-A0001,policy_violation,2025-10-16 18:45:33,medium,DET-039,BP,False,,HLT-07-AL0000426,HLT-07,Defense Evasion,T1562
HLT-07-A0023,data_staging,2025-10-16 18:51:25,high,DET-025,BP,False,,HLT-07-AL0000427,HLT-07,Collection,T1074
HLT-07-A0006,malware_detected,2025-10-16 21:22:59,high,DET-037,BP,False,,HLT-07-AL0000428,HLT-07,Execution,T1204
HLT-07-A0001,policy_violation,2025-10-16 21:44:13,medium,DET-039,FP,False,,HLT-07-AL0000429,HLT-07,Defense Evasion,T1562
HLT-07-A0001,sched_task,2025-10-16 21:56:57,high,DET-009,BP,False,,HLT-07-AL0000430,HLT-07,Persistence,T1053
HLT-07-A0004,malware_detected,2025-10-17 00:44:02,high,DET-038,BP,False,,HLT-07-AL0000431,HLT-07,Execution,T1204
HLT-07-A0003,malicious_script,2025-10-17 01:33:01,medium,DET-006,FP,False,,HLT-07-AL0000432,HLT-07,Execution,T1059
HLT-07-A0003,malicious_script,2025-10-17 04:48:28,low,DET-005,FP,False,,HLT-07-AL0000433,HLT-07,Execution,T1059
HLT-07-A0002,sched_task,2025-10-17 05:34:21,medium,DET-010,BP,False,,HLT-07-AL0000434,HLT-07,Persistence,T1053
HLT-07-A0005,policy_violation,2025-10-17 06:04:47,low,DET-039,FP,False,,HLT-07-AL0000435,HLT-07,Defense Evasion,T1562
HLT-07-A0013,exploit_public_app,2025-10-17 06:10:22,medium,DET-003,FP,False,,HLT-07-AL0000436,HLT-07,Initial Access,T1190
HLT-07-A0006,malicious_script,2025-10-17 08:32:47,high,DET-005,BP,False,,HLT-07-AL0000437,HLT-07,Execution,T1059
HLT-07-A0008,dns_tunnel,2025-10-17 09:31:30,high,DET-029,TP,False,,HLT-07-AL0000438,HLT-07,Command and Control,T1071.004
HLT-07-A0003,policy_violation,2025-10-17 09:58:34,low,DET-039,BP,False,,HLT-07-AL0000439,HLT-07,Defense Evasion,T1562
HLT-07-A0003,phishing,2025-10-17 10:34:58,high,DET-001,FP,False,,HLT-07-AL0000440,HLT-07,Initial Access,T1566
HLT-07-A0009,port_scan_external,2025-10-17 10:54:04,low,DET-021,FP,False,,HLT-07-AL0000441,HLT-07,Reconnaissance,T1595
HLT-07-A0007,malware_detected,2025-10-17 11:09:48,low,DET-037,FP,False,,HLT-07-AL0000442,HLT-07,Execution,T1204
HLT-07-A0010,port_scan_external,2025-10-17 11:09:50,low,DET-021,BP,False,,HLT-07-AL0000443,HLT-07,Reconnaissance,T1595
HLT-07-A0005,dns_tunnel,2025-10-17 11:23:20,high,DET-029,BP,False,,HLT-07-AL0000444,HLT-07,Command and Control,T1071.004
HLT-07-A0002,malicious_script,2025-10-17 12:38:36,medium,DET-005,FP,False,,HLT-07-AL0000445,HLT-07,Execution,T1059
HLT-07-A0006,malware_detected,2025-10-17 13:59:01,low,DET-037,FP,False,,HLT-07-AL0000446,HLT-07,Execution,T1204
HLT-07-A0007,malicious_script,2025-10-17 13:59:31,medium,DET-005,BP,False,,HLT-07-AL0000447,HLT-07,Execution,T1059
HLT-07-A0008,malware_detected,2025-10-17 14:39:50,high,DET-037,FP,False,,HLT-07-AL0000448,HLT-07,Execution,T1204
HLT-07-A0011,phishing,2025-10-17 15:45:01,medium,DET-001,BP,False,,HLT-07-AL0000449,HLT-07,Initial Access,T1566
HLT-07-A0003,new_service,2025-10-17 16:47:49,high,DET-007,FP,False,,HLT-07-AL0000450,HLT-07,Persistence,T1543
HLT-07-A0005,malware_detected,2025-10-17 17:24:59,medium,DET-038,BP,False,,HLT-07-AL0000451,HLT-07,Execution,T1204
HLT-07-A0003,malware_detected,2025-10-17 17:40:36,medium,DET-037,TP,False,,HLT-07-AL0000452,HLT-07,Execution,T1204
HLT-07-A0025,exploit_public_app,2025-10-17 18:51:09,high,DET-004,BP,False,,HLT-07-AL0000453,HLT-07,Initial Access,T1190
HLT-07-A0023,data_staging,2025-10-17 21:09:05,high,DET-025,BP,False,,HLT-07-AL0000454,HLT-07,Collection,T1074
HLT-07-A0005,malware_detected,2025-10-17 23:13:01,medium,DET-037,BP,False,,HLT-07-AL0000455,HLT-07,Execution,T1204
HLT-07-A0009,port_scan_external,2025-10-18 01:28:10,medium,DET-021,FP,False,,HLT-07-AL0000456,HLT-07,Reconnaissance,T1595
HLT-07-A0004,malicious_script,2025-10-18 02:42:20,medium,DET-005,BP,False,,HLT-07-AL0000457,HLT-07,Execution,T1059
HLT-07-A0006,policy_violation,2025-10-18 05:46:45,low,DET-039,BP,False,,HLT-07-AL0000458,HLT-07,Defense Evasion,T1562
HLT-07-A0010,port_scan_external,2025-10-18 09:38:06,medium,DET-021,BP,False,,HLT-07-AL0000459,HLT-07,Reconnaissance,T1595
HLT-07-A0019,brute_force,2025-10-18 10:09:43,low,DET-016,BP,False,,HLT-07-AL0000460,HLT-07,Credential Access,T1110
HLT-07-A0004,malicious_script,2025-10-18 10:11:36,medium,DET-005,BP,False,,HLT-07-AL0000461,HLT-07,Execution,T1059
HLT-07-A0009,port_scan_external,2025-10-18 10:23:12,low,DET-022,FP,False,,HLT-07-AL0000462,HLT-07,Reconnaissance,T1595
HLT-07-A0009,c2_beacon,2025-10-18 10:53:25,medium,DET-027,TP,False,,HLT-07-AL0000463,HLT-07,Command and Control,T1071
HLT-07-A0001,malware_detected,2025-10-18 11:36:34,low,DET-038,FP,False,,HLT-07-AL0000464,HLT-07,Execution,T1204
HLT-07-A0002,c2_beacon,2025-10-18 14:21:59,high,DET-027,BP,False,,HLT-07-AL0000465,HLT-07,Command and Control,T1071
HLT-07-A0012,exploit_public_app,2025-10-18 15:25:16,critical,DET-003,BP,False,,HLT-07-AL0000466,HLT-07,Initial Access,T1190
HLT-07-A0016,brute_force,2025-10-18 15:36:06,critical,DET-016,TP,False,,HLT-07-AL0000467,HLT-07,Credential Access,T1110
HLT-07-A0025,policy_violation,2025-10-18 15:47:33,medium,DET-039,TP,False,,HLT-07-AL0000468,HLT-07,Defense Evasion,T1562
HLT-07-A0010,port_scan_external,2025-10-18 16:19:08,low,DET-021,BP,False,,HLT-07-AL0000469,HLT-07,Reconnaissance,T1595
HLT-07-A0001,phishing,2025-10-18 16:23:03,low,DET-001,TP,False,,HLT-07-AL0000470,HLT-07,Initial Access,T1566
HLT-07-A0015,credential_dump,2025-10-18 16:24:57,critical,DET-017,FP,False,,HLT-07-AL0000471,HLT-07,Credential Access,T1003
HLT-07-A0010,network_scan,2025-10-18 16:28:32,low,DET-020,FP,False,,HLT-07-AL0000472,HLT-07,Discovery,T1046
HLT-07-A0003,malicious_script,2025-10-18 16:33:17,medium,DET-006,FP,False,,HLT-07-AL0000473,HLT-07,Execution,T1059
HLT-07-A0011,phishing,2025-10-18 18:02:18,low,DET-002,FP,False,,HLT-07-AL0000474,HLT-07,Initial Access,T1566
HLT-07-A0007,phishing,2025-10-18 18:37:12,high,DET-001,BP,False,,HLT-07-AL0000475,HLT-07,Initial Access,T1566
HLT-07-A0016,brute_force,2025-10-18 22:47:16,medium,DET-015,FP,False,,HLT-07-AL0000476,HLT-07,Credential Access,T1110
HLT-07-A0011,phishing,2025-10-18 23:15:41,low,DET-002,FP,False,,HLT-07-AL0000477,HLT-07,Initial Access,T1566
HLT-07-A0002,sched_task,2025-10-18 23:52:31,high,DET-009,FP,False,,HLT-07-AL0000478,HLT-07,Persistence,T1053
HLT-07-A0001,lateral_rdp_smb,2025-10-19 01:05:36,critical,DET-024,TP,False,,HLT-07-AL0000479,HLT-07,Lateral Movement,T1021
HLT-07-A0008,malware_detected,2025-10-19 01:31:14,medium,DET-037,FP,False,,HLT-07-AL0000480,HLT-07,Execution,T1204
HLT-07-A0008,malware_detected,2025-10-19 06:05:06,low,DET-037,FP,False,,HLT-07-AL0000481,HLT-07,Execution,T1204
HLT-07-A0015,brute_force,2025-10-19 08:26:13,medium,DET-015,FP,False,,HLT-07-AL0000482,HLT-07,Credential Access,T1110
HLT-07-A0014,brute_force,2025-10-19 08:36:22,high,DET-015,FP,False,,HLT-07-AL0000483,HLT-07,Credential Access,T1110
HLT-07-A0001,sched_task,2025-10-19 09:05:15,high,DET-010,FP,False,,HLT-07-AL0000484,HLT-07,Persistence,T1053
HLT-07-A0006,phishing,2025-10-19 09:29:22,medium,DET-001,BP,False,,HLT-07-AL0000485,HLT-07,Initial Access,T1566
HLT-07-A0004,malware_detected,2025-10-19 09:57:20,low,DET-037,BP,False,,HLT-07-AL0000486,HLT-07,Execution,T1204
HLT-07-A0006,policy_violation,2025-10-19 10:06:07,low,DET-039,FP,False,,HLT-07-AL0000487,HLT-07,Defense Evasion,T1562
HLT-07-A0011,phishing,2025-10-19 10:23:44,high,DET-002,BP,False,,HLT-07-AL0000488,HLT-07,Initial Access,T1566
HLT-07-A0010,network_scan,2025-10-19 10:42:01,low,DET-019,BP,False,,HLT-07-AL0000489,HLT-07,Discovery,T1046
HLT-07-A0017,brute_force,2025-10-19 10:50:40,high,DET-015,FP,False,,HLT-07-AL0000490,HLT-07,Credential Access,T1110
HLT-07-A0002,malware_detected,2025-10-19 12:24:33,critical,DET-037,BP,False,,HLT-07-AL0000491,HLT-07,Execution,T1204
HLT-07-A0013,exploit_public_app,2025-10-19 12:58:18,medium,DET-003,FP,False,,HLT-07-AL0000492,HLT-07,Initial Access,T1190
HLT-07-A0025,brute_force,2025-10-19 13:30:05,medium,DET-015,BP,False,,HLT-07-AL0000493,HLT-07,Credential Access,T1110
HLT-07-A0011,phishing,2025-10-19 13:40:15,high,DET-001,TP,False,,HLT-07-AL0000494,HLT-07,Initial Access,T1566
HLT-07-A0002,policy_violation,2025-10-19 14:17:13,medium,DET-039,FP,False,,HLT-07-AL0000495,HLT-07,Defense Evasion,T1562
HLT-07-A0008,data_staging,2025-10-19 15:12:29,low,DET-025,FP,False,,HLT-07-AL0000496,HLT-07,Collection,T1074
HLT-07-A0001,malware_detected,2025-10-19 17:33:51,low,DET-037,BP,False,,HLT-07-AL0000497,HLT-07,Execution,T1204
HLT-07-A0016,brute_force,2025-10-19 17:49:07,low,DET-015,FP,False,,HLT-07-AL0000498,HLT-07,Credential Access,T1110
HLT-07-A0007,policy_violation,2025-10-19 18:25:10,low,DET-039,FP,False,,HLT-07-AL0000499,HLT-07,Defense Evasion,T1562
HLT-07-A0004,policy_violation,2025-10-19 18:31:10,high,DET-039,BP,False,,HLT-07-AL0000500,HLT-07,Defense Evasion,T1562
